性別,姓名,生日
女,ABIGAIL ORTIZ,1998-7-10
男,ABRAHAM YORK,4/20/2004
男,ABRAM IRWIN,5/21/2000
男,ACE BISHOP,08/05/2001
女,ADA BOWMAN,2000/7/13
女,ADELINE ORTIZ,2005-8-2
女,ADELYN CONRAD,9/13/1998
女,AILEEN FISCHER,1998/11/26
女,AILEEN HOWARD,1999-5-16
男,ALAN BAXTER,2005-12-8
女,ALANA MCCLURE,2004-4-24
男,ALEC TREVINO,12/24/1999
女,ALEXANDRA GLENN,2000-4-6
女,ALEXANDRIA AGUILAR,09/07/1998
女,ALICE HOPPER,2004/7/3
女,ALICE WATERS,2000-3-7
男,ALLAN NICHOLS,12/11/2004
男,ALLAN SNYDER,2004-10-27
女,ALLISON KNIGHT,2003-8-8
女,ALYSSA HAHN,2003-11-30
女,AMANDA BUSH,2001-9-15
女,AMANDA DELANEY,2004-9-15
女,AMANDA MILLER,6/21/2003
男,AMOS MASSEY,09/25/2005
女,AMY OWEN,2000-6-13
男,ANDERSON ESTES,7/30/1999
男,ANDERSON HUFF,11/22/1999
男,ANDY MCKNIGHT,2002/3/22
男,ANDY ROY,10/07/2005
女,ANNABEL BROCK,12/25/2005
女,ANNABELLE HOLDEN,1999-11-27
女,ANNALISE HUNTER,2/18/2003
男,ANSON TYSON,2000-2-30
男,ARCHER OLSEN,8/25/1999
女,ARIELLA BRITT,10/26/2004
女,ASHLYNN BRAY,2/6/2004
女,AUBREE HINES,2004/12/15
女,AUDREY ALVARADO,1999-7-22
女,AUDREY BURTON,1999-9-10
女,BAYLEE ARMSTRONG,2002/10/29
女,BAYLEE BUCKNER,2003/10/16
男,BECKETT HESTER,1998-6-28
女,BELLA FOSTER,3/25/2003
男,BENSON ROBERTSON,10/27/2002
女,BETHANY JACOBSON,2000-6-2
男,BRADLEY JUAREZ,2000/2/27
男,BRADY HARRELL,1998/12/12
男,BRADY KAUFMAN,3/8/2000
男,BRAXTON BASS,07/06/2002
男,BRAXTON BEARD,2005-3-21
男,BRAYDEN RANDOLPH,2001-12-8
女,BREANNA BURT,5/6/1999
男,BRENDAN COMBS,1/10/2003
女,BRENNA SANTIAGO,2000-1-11
男,BRENNAN STEELE,12/10/2004
女,BRISTOL OBRIEN,1/7/2002
女,BROOKLYNN HOUSTON,1999/7/12
男,BROOKS CASE,2003/1/8
男,BROOKS HOPPER,2000-3-2
男,BRUCE STARK,2001-3-23
女,BRYNLEE BATTLE,4/25/2001
女,BRYNLEE MORAN,2/24/2001
女,BRYNN MCLEOD,11/18/2003
女,BRYNN VINCENT,04/19/2001
男,BYRON SHAW,12/14/2004
男,CADE MCKINNEY,09/24/2000
女,CALI COOKE,2/23/2000
女,CALI ONEAL,2003/6/27
女,CALI REILLY,6/24/2005
女,CARLA MCCRAY,1999-9-22
女,CARLY MONTGOMERY,5/11/2001
女,CARLY SLOAN,2002/8/6
女,CAROLINE TUCKER,12/15/1999
男,CAYDEN SCHWARTZ,2004-2-9
女,CELIA HERRING,2002-7-10
男,CHAD RIOS,12/25/1998
男,CHANCE SAUNDERS,2001-2-7
男,CHANCE WOOTEN,2001-5-23
男,CHANDLER SHELTON,2000/9/19
女,CHANEL ACOSTA,4/26/2002
女,CHANNING RUIZ,1998-9-23
女,CHARLEE WELCH,2001-8-13
男,CHASE WILKERSON,2002-9-28
女,CHELSEA MELTON,2005-11-26
女,CHLOE HOBBS,1/19/2003
女,CHRIS MASON,2005/10/23
男,CHRISTIAN LINDSAY,11/11/1998
男,CHRISTIAN ROBINSON,1/4/1998
女,CLAIRE STARK,2000-9-18
女,CLARISSA WALLACE,2001-12-20
男,CLAY BOOTH,1/22/2003
男,CLAY CHRISTIAN,2001-1-20
男,CLAY MCLEOD,6/24/2002
男,CLYDE HARVEY,04/27/1998
男,CLYDE HICKMAN,10/6/2000
男,CLYDE WELCH,1/2/2003
男,COHEN SCHULTZ,10/22/2005
男,COLE CARSON,7/3/1998
男,COLE TRAN,2004-12-8
男,COREY SMALL,2002-12-23
男,CORY MCCOY,07/30/2005
男,CULLEN KNOWLES,07/16/2005
女,CYNTHIA WOLFE,9/25/2005
女,DAHLIA GILMORE,2003-11-19
女,DAISY CONLEY,2000-4-22
男,DAMIAN HENSON,2002/8/9
男,DANIEL HORN,2004/8/4
女,DANIELLA BRITT,2004-9-24
女,DANIELLE CANNON,11/9/1998
女,DANIELLE PACE,1999-5-2
女,DAPHNE CRAWFORD,5/22/2002
女,DAPHNE MICHAEL,1999-5-20
女,DARIAN MARSHALL,2000-7-5
男,DARRELL BATTLE,2000-6-23
女,DAVINA SUTTON,12/29/1999
女,DELILAH JEFFERSON,2005/8/28
男,DENNIS PHILLIPS,3/17/2005
男,DENVER CONWAY,2000-2-27
男,DENVER OSBORN,2002/8/19
男,DERRICK MARKS,2002-5-14
女,DESTINY HALEY,2001-8-13
男,DOMINIC NORRIS,2003-7-23
男,DOMINICK SANCHEZ,2004-5-24
男,DONALD BLAIR,12/19/1998
男,DONALD SIMPSON,12/18/2004
男,DOUGLAS CLINE,2004-10-28
男,DREW BENJAMIN,2003-1-1
男,DUNCAN BLACKBURN,4/28/2004
男,DUNCAN DELACRUZ,2/5/2002
男,DUNCAN PERRY,2002/1/20
男,EASTON VELAZQUEZ,03/15/2002
男,EDISON VINSON,2002-10-13
女,EILEEN HURLEY,1/4/2004
女,ELAINE CALDWELL,2004-9-10
女,ELAINE HARVEY,2000-1-14
男,ELI CUMMINGS,11/29/2003
男,ELI JENKINS,1998-4-9
男,ELIAS BERNARD,2005-6-25
女,ELISE HAHN,7/6/1999
女,ELIZA BRITT,12/09/2003
女,ELLE DONALDSON,2004-1-17
女,ELLEN HUBBARD,7/17/2000
女,ELLIE VALENCIA,4/12/2000
男,ELLIOT HEBERT,1999-1-7
男,ELLIOTT TAYLOR,2001-7-17
女,ELYSE HARRINGTON,1998-12-17
女,ELYSE LOGAN,12/5/2001
女,EMBER CARTER,2004/12/10
女,EMERSYN DOMINGUEZ,2004-1-15
女,EMERSYN HODGE,2002-4-20
女,EMERSYN PICKETT,1/25/2005
女,EMILY GOMEZ,2005-6-13
女,EMILY NOBLE,2/21/2002
男,EMMANUEL AYALA,3/8/2000
男,EMMANUEL DILLON,2005-6-22
女,EMMELINE FORD,2000-1-13
女,EMMELINE NICHOLSON,2003-12-3
男,ERIC DELACRUZ,6/3/2001
男,ERIC NAVARRO,2000-2-10
女,ERICA HOOVER,10/27/1999
女,ERICA JARVIS,2003-3-19
女,ERICA MOODY,1999-1-17
女,ESMERALDA KAUFMAN,2003/1/14
女,ESTELLA FIELDS,2003/7/23
男,ETHAN CHURCH,2001/3/28
女,EVA ATKINS,07/28/2001
女,EVA BENJAMIN,2003-11-15
女,EVA WELLS,2003-7-18
女,EVANGELINE PRUITT,09/03/1998
女,EVELYNN HUNTER,2005/8/26
女,EVIE FARMER,2000/11/16
女,EVIE FOSTER,8/17/2003
女,EVIE PARKS,2000-4-17
女,FELICITY STEPHENS,2004/12/16
男,FELIX ROGERS,2002-6-29
女,FINLEY WITT,1998-3-16
男,FOSTER GRAHAM,10/28/2003
男,FRANCIS LINDSEY,10/19/2002
男,FRANK MCMILLAN,11/24/2003
男,FREDERICK GILMORE,2002-8-4
男,GABRIEL SUTTON,9/24/1999
男,GAGE MCKNIGHT,1999-11-17
男,GARY BRADLEY,3/23/2005
男,GARY EMERSON,2001/4/28
女,GEMMA HALL,11/16/2000
男,GEORGE LOTT,9/16/1998
男,GEORGE TATE,06/24/1998
男,GERALD FULTON,2005/1/17
男,GIDEON HENDERSON,2003/12/22
女,GISELLE MCGEE,2005/9/30
女,GISELLE POTTER,1/11/1998
男,GORDON YOUNG,2004-2-21
男,GRAHAM CROSBY,1999-3-16
男,GRAHAM HERMAN,9/8/2000
男,GRIFFIN STRONG,6/18/2004
男,GUNNER MAYNARD,1999-8-22
女,HALEY FOLEY,8/3/2005
女,HALEY PERRY,2003/10/30
女,HALEY SANTANA,2/30/1998
女,HALLE BUCKNER,02/13/2002
女,HALLE GRIFFITH,2000-6-7
女,HALLE ROWE,5/27/1999
女,HALLIE MULLEN,02/16/2004
女,HALLIE SALAZAR,2004-12-6
男,HANK WHITEHEAD,1/26/2003
女,HANNAH GALLOWAY,2004-7-19
男,HARRY MCFARLAND,2000-12-16
男,HARVEY ELLIOTT,12/6/2000
女,HAYDEN MOODY,01/07/1998
女,HAZEL VILLARREAL,2000-1-14
女,HEIDI SCHULTZ,2004-10-20
女,HELEN KIRK,11/12/2000
女,HELEN ROWE,9/19/1998
男,HOLDEN KELLY,6/27/2003
男,HUDSON BRENNAN,11/30/2002
男,IAN DOTSON,2003-4-9
男,IAN MCKENZIE,2003-8-4
女,IRENE MILES,2000-12-25
男,ISAAC BARNES,2000/9/4
女,ISABELLE LITTLE,1999-3-2
男,ISRAEL LUCAS,10/9/2000
女,IVY RYAN,12/10/2004
男,JACE HILL,8/5/1998
男,JACKSON BROWN,2005/9/22
女,JAIDEN CASH,2004/5/28
男,JAKE POWELL,2003-7-14
女,JAMIE SUMMERS,12/5/2002
女,JANELLE LOGAN,1/30/1999
女,JANESSA FULTON,2002-7-30
女,JASMINE DICKERSON,6/30/2005
男,JASPER FOREMAN,07/19/1999
男,JAYCE DANIEL,03/10/2004
男,JAYDEN COCHRAN,3/5/2003
女,JAYLEE HUTCHINSON,1999-11-24
女,JAYLEE LOVE,2003/8/11
女,JAZLYN HOPPER,2000-9-13
女,JAZMINE BYRD,2003-1-25
男,JEFFERY PETTY,5/17/2002
男,JEFFERY RODRIGUEZ,2003-6-3
女,JENNIFER RAMIREZ,07/26/2005
男,JEREMIAH HERRERA,2000-2-22
男,JEREMIAH JOHNS,05/20/2005
男,JEREMIAH VALENCIA,1998-6-18
男,JEREMY RIDDLE,10/17/1999
女,JESSA BEARD,2001-9-21
女,JESSIE KIM,2002-8-28
男,JETT SHELTON,2004-7-16
男,JOE CHRISTENSEN,2000/2/30
男,JOEL DOYLE,1998-10-4
男,JOEL FITZGERALD,5/1/1998
男,JOHNNY KENNEDY,1998-8-27
男,JOHNNY LAWRENCE,07/06/2003
女,JOLIE SEARS,1998-10-3
男,JONAH BLANCHARD,4/14/2004
男,JORDAN BRADSHAW,2001-9-11
女,JORDYN FINCH,10/30/2002
女,JOSELYN BARLOW,1/9/2000
女,JOSELYN KEITH,1999-2-20
男,JUDE SANTIAGO,08/01/2005
女,JUDITH GUTHRIE,2004-8-24
女,JULIA CARVER,5/2/2004
男,JULIAN GILLIAM,04/25/1998
女,JULIANA PENA,06/26/2001
女,JULIANNA CHANDLER,2004-8-29
女,JULIE RICHMOND,1999-11-5
女,JULIET RICHMOND,2/24/2002
男,JULIUS SHEPARD,2005-5-25
女,JUNIPER MCFADDEN,8/14/2003
女,JUSTICE RICHARDSON,1999/8/8
男,JUSTIN RASMUSSEN,2003-4-24
男,KADEN FRAZIER,2003/4/3
女,KAILEY DEAN,2003-7-20
男,KALEB ASHLEY,6/4/2003
女,KAMRYN ASHLEY,2004-12-23
女,KAMRYN GLENN,2003-10-2
女,KARINA MCKAY,1/30/2004
男,KARSON HOLMES,2003/11/9
男,KASEN SALINAS,4/9/1999
女,KAYLEE DICKERSON,2000-2-4
女,KAYLEIGH VAZQUEZ,2003-9-9
女,KAYLIE SERRANO,5/6/2002
男,KAYSON DENNIS,2001-9-3
男,KEATON NUNEZ,2000/12/14
男,KEEGAN BLEVINS,2001-4-3
男,KEEGAN MORIN,6/7/2000
女,KEIRA RUSSELL,2004-10-1
男,KEITH GEORGE,2000/11/7
男,KELVIN PENNINGTON,2000-1-4
男,KENNETH BRYANT,5/9/2001
男,KENNY WHITLEY,10/9/2004
女,KIARA GENTRY,1998/11/21
女,KIMBERLY HARRELL,2000-10-28
男,KINGSLEY BRIDGES,2003-10-24
女,KINSLEY FIGUEROA,2000/11/18
男,KONNOR SHIELDS,2002-3-4
男,KORBIN GALLAGHER,1999-5-6
男,KYLE DEAN,2005-9-7
女,KYLIE FRENCH,2005-9-19
女,KYRA BARLOW,03/01/2001
女,KYRIE RIDDLE,1/26/1998
男,LACHLAN MCCLURE,3/9/2005
女,LAINEY BLACK,2004-1-14
女,LANA SLOAN,2002/10/8
男,LANDEN BENNETT,06/12/2004
男,LANE DILLON,1998-8-22
女,LAUREL DAVIS,1998-6-15
女,LAUREL SINGLETON,04/10/1998
女,LEAH KIRKLAND,2003-8-2
女,LEILA CHERRY,2003-9-15
男,LELAND HURLEY,2002/10/28
女,LENA TRUJILLO,1999-8-21
女,LENNON PENA,1/21/2004
男,LENNOX SHELTON,9/21/2002
女,LEONA HICKS,1998/3/16
男,LEVI SCHNEIDER,2005-12-4
女,LEXI FITZGERALD,09/20/2003
女,LEXI PITTS,2005-5-28
女,LEXIE GREENE,2003-6-29
男,LIAM NUNEZ,2004/12/25
女,LILAH SANCHEZ,2004/10/3
女,LILLIANA SCHWARTZ,12/15/2001
女,LILLY VILLARREAL,09/25/2004
男,LINCOLN WALTERS,1998-5-11
男,LIONEL MULLINS,1998-12-28
女,LIZBETH BANKS,3/8/2001
女,LIZBETH KERR,2004-8-1
女,LIZBETH WILKINS,4/29/2001
女,LOLA ROTH,2004-11-24
女,LONDYN NEWMAN,1998-9-13
男,LOUIS GROSS,2002-7-10
女,LOUISE BATTLE,7/25/2005
男,LUKE HAYS,2003/7/12
男,LUKE MASSEY,2004-1-12
男,LUKE THOMAS,1999/1/17
女,LYLA DUNCAN,2004-10-23
男,LYLE ROSA,7/21/2001
女,MABEL STRONG,2002-6-6
男,MACK MOONEY,1998-11-4
女,MADALYN MCCOY,3/16/1998
女,MADELINE EVERETT,10/24/2000
女,MADELYN DECKER,2003/10/5
女,MAGDALENA WEBSTER,11/3/2003
女,MAGNOLIA HESTER,2003-3-15
女,MAKENNA CURTIS,1999-1-15
女,MAKENZIE ROBINSON,2003-3-14
男,MALACHI THORNTON,2000-12-4
男,MALAKAI ROMAN,12/15/2001
男,MANUEL HAMMOND,2003-4-4
男,MARCUS SULLIVAN,01/14/1998
女,MARGARET ENGLAND,9/18/2000
女,MARILYN ESTRADA,5/7/2002
男,MARK RIGGS,2001/3/5
男,MARK SNYDER,2005/11/15
女,MARLOWE AVERY,2000-6-26
男,MARSHALL RIGGS,2004-3-30
男,MARTIN FITZGERALD,12/16/2004
女,MARY COMPTON,2003-12-29
男,MAVERICK JUSTICE,2001-1-19
男,MAX BASS,1999-2-17
男,MAX PERRY,10/18/2005
女,MAXINE BOWMAN,02/13/2001
男,MAXWELL ROSE,1999-7-5
女,MAYA MORRISON,09/22/1998
女,MCKENNA FUENTES,6/12/2000
女,MELISSA CANTU,4/5/2002
男,MICAH GRAHAM,12/29/2001
女,MICHAELA GILLIAM,1999-3-16
男,MICHEAL ROLLINS,7/4/2002
女,MICHELLE RODRIQUEZ,2005/11/22
男,MITCHELL OWEN,1998-7-16
女,MOLLY BURRIS,10/23/2002
女,MONICA LEWIS,1998-3-14
女,MYA MUELLER,2002-6-11
女,MYRA DAY,6/16/2000
女,NATALIE ANDERSON,1998-2-1
女,NATALIE YATES,2001-6-30
男,NATHAN STRONG,2003-6-15
男,NATHANIEL FROST,2002-9-22
男,NICKOLAS SANFORD,9/6/2005
男,NOEL DEJESUS,1/11/2000
女,NOELLE GRIFFIN,2000-5-25
女,NOELLE MERRILL,1998-6-29
女,NOLA RHODES,02/22/1999
女,OCTAVIA LEE,12/12/2005
男,ODIN RICE,2002-4-6
女,OLIVE BLAKE,2003-6-28
女,OLIVE MIDDLETON,4/15/2000
女,OLIVE VEGA,2000-10-15
男,OMAR ATKINS,2005-1-25
女,OPHELIA CALDWELL,2003-8-6
男,OWEN BALLARD,11/10/1998
女,PAISLEE RANDOLPH,1999-8-19
男,PARKER PERKINS,3/14/1999
男,PATRICK BALLARD,03/02/2001
男,PAUL HESTER,2005-8-16
男,PAXTON SIMON,1998/2/5
女,PENELOPE BRIGHT,2/25/1998
女,PENELOPE SALINAS,2/26/1999
女,PENNY CHURCH,2003/9/27
女,PENNY DEAN,2001-8-20
女,PENNY KAUFMAN,2005/6/15
女,PENNY MCCOY,02/17/2004
女,PEYTON FINLEY,1/24/1999
女,PEYTON FULTON,2001-6-12
男,PHILIP BENTON,1998-4-12
男,PHILLIP SANTIAGO,1998-10-5
女,PHOEBE UNDERWOOD,2001-2-15
男,PORTER JARVIS,2005-2-26
男,PRINCE CAMERON,2004-9-5
女,QUINN MCINTYRE,1998-10-1
女,RAELYN OWENS,12/8/1999
女,RAELYNN DODSON,09/8/2005
女,RAMONA MCKAY,1998/2/1
女,REBEKAH PAUL,7/11/1999
男,REED MILLER,2002-12-2
女,REESE GONZALEZ,4/27/1999
女,REESE KING,2005-3-23
男,RICHARD GOLDEN,1/28/2000
男,RICHARD HOGAN,2002-8-23
女,RIVER AVERY,2005-3-22
男,ROBERT BENNETT,3/8/2000
男,ROCKY LOWE,2004/8/6
男,RONNIE CONLEY,1998-11-6
女,RONNIE HENSON,11/13/2003
男,RONNIE ROBINSON,09/03/1998
女,RONNIE ROSS,12/12/1998
女,ROSALIE TANNER,2002-4-21
女,ROSELYN CARROLL,2003-3-1
女,ROSEMARY CLEMENTS,1/13/2001
女,ROSIE MORSE,6/29/2004
男,ROYCE COMBS,1999-2-22
男,ROYCE SIMPSON,05/20/2000
男,RUSSELL SANTIAGO,1999/2/27
女,RYANN KELLEY,2005-3-20
女,RYLEE EVANS,6/27/2003
女,RYLEE MCINTOSH,5/8/1999
女,RYLIE DORSEY,1999-6-19
女,RYLIE ONEAL,2005-8-14
女,SAGE GONZALES,2004-5-28
男,SAM BALLARD,1/20/2002
男,SAM CLEMONS,2000-11-22
女,SANDRA NOEL,2004-11-9
女,SARAH ODOM,2002-5-16
男,SCOTT BAIRD,2004-5-19
男,SEAN TREVINO,2/26/1998
男,SEBASTIAN TERRY,1999-10-7
女,SERENITY FREEMAN,2001-9-30
男,SETH MCNEIL,11/7/2001
男,SHANE CHASE,4/12/2002
男,SHANE VANG,1/25/1999
男,SHAWN MCKEE,2000/11/11
女,SIERRA LAMBERT,5/10/2000
男,SIMON WATERS,1999-7-21
女,SKYE BERGER,08/5/2002
男,SKYLAR POWERS,11/26/2004
女,SONIA FRANKS,05/29/1998
女,SONIA VASQUEZ,2/2/1999
女,SOPHIE BANKS,7/11/2000
男,SPENCER TERRELL,2001-6-12
女,STEPHANIE PEARSON,2/23/1999
女,TARA FULTON,2003-4-3
女,TARA MCCLURE,2003/5/22
男,TATE WHEELER,1/12/2003
男,TATE WILKINSON,2000-4-29
女,TATIANA GRAVES,1998-5-26
女,TATIANA HUGHES,1998-8-29
男,TAYLOR MEYERS,07/11/2001
女,TAYLOR SPEARS,9/21/2000
男,TERRANCE CABRERA,5/10/2005
女,THEA POLLARD,2001-3-27
女,THEA RATLIFF,8/28/2001
女,TIANA KNOX,12/17/2004
女,TIFFANY WARD,07/28/2001
男,TIMOTHY MCDOWELL,2005-9-2
男,TIMOTHY RIVAS,1998/12/20
男,TITUS HUFFMAN,4/24/1999
男,TONY KING,2000-8-19
男,TRENTON LEE,2002-2-23
男,TRENTON NIELSEN,2000/9/29
男,TREVOR LYNCH,2005-1-24
女,TRINITY FOREMAN,2003-2-22
男,TRISTAN HUTCHINSON,07/4/1999
男,TYLER MICHAEL,9/11/1999
男,TYLER OLSON,2004/8/6
女,VERONICA POLLARD,2003-4-4
女,VICTORIA GARDNER,07/05/2004
女,VIRGINIA PATEL,2001-7-4
男,WADE MYERS,1998/7/27
男,WAYLON DONALDSON,10/24/2004
男,WESLEY DAY,2000-3-4
男,WESTLEY JUSTICE,2005/10/19
男,WILL GUZMAN,12/03/2005
男,WILL MORGAN,7/24/2002
男,WILLIAM HOGAN,11/25/1999
男,WILLIAM MAYS,11/18/2001
男,ZACHARIAH GILBERT,1998-12-6
男,ZACHARY SCHULTZ,2003-5-22
女,ZARA MCCLURE,3/21/2000
女,ZOE MACIAS,1999-10-27
女,ZOEY FOX,1999-1-20
